S1,S2,VECM(q),mu,Johansen_slope,stdev,model,w1,w2,form_del_min
BTCUSDT,ETHUSDT,0.0,-2.265644376260123,9.21328548211955e-05,0.0012839553138224687,5.0,-0.5294362435395021,0.4705637564604979,240
BTCUSDT,ETHUSDT,0.0,-5.3670992501361505,-0.00014622894261173594,0.0016772216430632192,5.0,-0.7012630617814396,0.29873693821856034,490
BTCUSDT,ETHUSDT,0.0,-1.9567877633892135,3.336538282779855e-05,0.0009903152807582308,5.0,-0.5122724115401535,0.4877275884598466,820
BTCUSDT,ETHUSDT,0.0,-1.9406578112900146,3.079392428665815e-05,0.0008067931529315836,4.0,-0.5114100860174313,0.4885899139825688,830
BTCUSDT,ETHUSDT,0.0,-2.000635305553693,3.422521993593797e-05,0.0007855121060289854,5.0,-0.5147095672010489,0.4852904327989512,840
BTCUSDT,ETHUSDT,0.0,-2.935892711671584,0.0,0.001737755878221037,2.0,-0.5668236459243674,0.43317635407563265,1050
BTCUSDT,ETHUSDT,0.0,0.0,0.0,0.002613614339361594,1.0,-0.40831184775024915,0.5916881522497508,1690
BTCUSDT,ETHUSDT,0.0,-3.173362662578862,0.0,0.0034083998626454615,2.0,0.23581560555095654,-0.7641843944490435,1710
BTCUSDT,ETHUSDT,0.0,0.41200088226121545,-0.00013088506492433025,0.001385386551107312,4.0,-0.38636386777757864,0.6136361322224214,1720
BTCUSDT,ETHUSDT,0.0,-0.3094121791430381,0.00010792529975310993,0.0014126626053489572,4.0,0.39180414745643005,-0.6081958525435699,1730
BTCUSDT,ETHUSDT,0.0,0.0,0.0,0.0026313017680644215,1.0,-0.40809557145677117,0.5919044285432289,1740
BTCUSDT,ETHUSDT,0.0,0.0,0.0,0.0013145631616122706,1.0,-0.4079316987280001,0.5920683012719999,1810
BTCUSDT,ETHUSDT,0.0,0.0,0.0,0.0013649317851295874,1.0,-0.4075718107583093,0.5924281892416907,2060
BTCUSDT,ETHUSDT,0.0,-1.9747013184955864,0.0,0.0015410989805835027,2.0,0.3002949647927841,-0.6997050352072158,2070
BTCUSDT,ETHUSDT,0.0,-1.9867302518479226,0.0,0.0015435092867183062,2.0,0.2996842322549706,-0.7003157677450295,2080
BTCUSDT,ETHUSDT,0.0,-2.4232970822962345,0.0,0.0016686907458311933,2.0,0.27598650245718964,-0.7240134975428103,2090
BTCUSDT,ETHUSDT,0.0,-2.716597584556955,0.0,0.0019013536183563639,2.0,0.2600777203692792,-0.7399222796307209,2100
BTCUSDT,ETHUSDT,0.0,-0.3399358037450351,-9.5105069733537e-05,0.0009920770307796664,4.0,-0.4251054380385186,0.5748945619614814,2620
BTCUSDT,ETHUSDT,0.0,-1.1364172486286173,-9.529629833315243e-05,0.0012959384531758395,4.0,-0.46814058679335985,0.5318594132066401,2650
BTCUSDT,ETHUSDT,0.0,-1.4107402781513478,-8.345268751332223e-05,0.0013478838162647435,4.0,-0.48294265477762877,0.5170573452223712,2660
BTCUSDT,ETHUSDT,0.0,-1.1702745461793067,-0.00010719265966828544,0.0014062424460650872,5.0,-0.4698673037688343,0.5301326962311657,2680
BTCUSDT,ETHUSDT,0.0,0.0,0.0,0.002187814623939728,1.0,-0.40556758903619294,0.5944324109638072,2760
BTCUSDT,ETHUSDT,0.0,-4.423273194239439,0.0,0.001288165979270243,2.0,-0.645040592839594,0.354959407160406,3300
BTCUSDT,ETHUSDT,0.0,0.0,0.0,0.0010390163397240198,1.0,-0.4062007818868788,0.5937992181131212,3570
BTCUSDT,ETHUSDT,0.0,-7.585414925041172,0.00017061870947311726,0.002395699559774505,4.0,-0.02581519722558798,-0.974184802774412,3980
BTCUSDT,ETHUSDT,0.0,7.958126682159386,-0.00015522502459547162,0.0024245937651853644,4.0,0.13435816459576472,0.8656418354042353,3990
BTCUSDT,ETHUSDT,0.0,-6.738418282656207,0.0,0.0027029717548579047,2.0,0.040437937916838064,-0.959562062083162,4030
BTCUSDT,ETHUSDT,0.0,0.0,0.0,0.0021277348376161085,1.0,-0.4060473244077207,0.5939526755922794,4240
BTCUSDT,ETHUSDT,0.0,-8.415605586135399,0.0,0.003428335038734678,3.0,-0.26140045735521084,-0.7385995426447892,4250
BTCUSDT,ETHUSDT,0.0,-8.354705111566501,-0.00018835836245983766,0.002136723363325341,4.0,-0.2511207400288449,-0.7488792599711551,4630
BTCUSDT,ETHUSDT,0.0,-7.89316897043185,-0.0001997660299279089,0.0021480268031552285,4.0,-0.11800258691480435,-0.8819974130851956,4640
BTCUSDT,ETHUSDT,0.0,-9.260071387811772,-0.0001634333761678177,0.0022948533026272305,4.0,-0.509982788158194,-0.4900172118418061,4650
BTCUSDT,ETHUSDT,0.0,-5.654651881815016,0.0,0.001925235629589329,2.0,-0.7119893226201622,0.2880106773798377,4660
BTCUSDT,ETHUSDT,0.0,0.0,0.0,0.0007933269173398279,1.0,-0.40592422129697336,0.5940757787030266,4670
BTCUSDT,ETHUSDT,0.0,0.0,0.0,0.0007332750620333546,1.0,-0.40592570930278676,0.5940742906972133,4680
BTCUSDT,ETHUSDT,0.0,0.0,0.0,0.0007523585680080312,1.0,-0.40594320539408313,0.5940567946059169,4690
BTCUSDT,ETHUSDT,0.0,0.0,0.0,0.0007423344158723635,1.0,-0.4059549253060956,0.5940450746939044,4700
BTCUSDT,ETHUSDT,0.0,-1.8401497130115696,-3.3508079955464746e-05,0.0009075921943235925,4.0,0.3062959554754227,-0.6937040445245773,4710
BTCUSDT,ETHUSDT,0.0,1.997993685492627,3.653624728772934e-05,0.0009396216520919794,4.0,-0.297763750073148,0.7022362499268521,4720
BTCUSDT,ETHUSDT,0.0,-2.427645491922618,-3.976868492465207e-05,0.0010471616343247895,4.0,0.27453825545800165,-0.7254617445419984,4730
BTCUSDT,ETHUSDT,0.0,1.0431251223104567,0.0,0.0005393209512577708,2.0,0.46243208603563113,-0.5375679139643689,5460
BTCUSDT,ETHUSDT,0.0,-1.0192138746822406,0.0,0.0005413732363821589,3.0,-0.46113625989251233,0.5388637401074877,5470
BTCUSDT,ETHUSDT,0.0,-9.11022818841542,-0.0002817058537318226,0.0028061239315326394,5.0,-0.48824507689997243,-0.5117549231000276,5820
BTCUSDT,ETHUSDT,0.0,-1.1327508786276361,0.0,0.0007075040536944696,2.0,-0.4670182125122062,0.5329817874877938,5840
BTCUSDT,ETHUSDT,0.0,-5.489957842135639,-0.00020926979888794323,0.0028489181175427075,4.0,0.1023725355770761,-0.897627464422924,6350
BTCUSDT,ETHUSDT,0.0,-5.39380200825583,-0.0002293399002169715,0.0026483919462671653,4.0,0.10769523912982598,-0.8923047608701741,6360
BTCUSDT,ETHUSDT,0.0,0.6874751009162896,-8.742659511595124e-05,0.0008772714813259244,4.0,-0.36732862502767516,0.6326713749723248,6630
BTCUSDT,ETHUSDT,0.0,0.9870903179145067,3.010154637392921e-05,0.0007293044407885872,4.0,0.45914335720486604,-0.540856642795134,6900
BTCUSDT,ETHUSDT,0.0,-0.6791271766017085,-3.169699158971491e-05,0.0006322784797508733,4.0,-0.44235930817950136,0.5576406918204986,6910
BTCUSDT,ETHUSDT,0.0,0.0,0.0,0.0006894967562820189,1.0,-0.4062543890832779,0.5937456109167221,7860
BTCUSDT,ETHUSDT,0.0,0.0,0.0,0.0006563023405644387,1.0,-0.40625283035549703,0.593747169644503,7870
BTCUSDT,ETHUSDT,0.0,-9.11296452191567,0.0,0.0019491428731363246,2.0,-0.4604728730844618,-0.5395271269155383,7890
BTCUSDT,ETHUSDT,0.0,-3.9720347069680613,3.145336045483173e-05,0.0008411831774130862,5.0,-0.6209134108318786,0.37908658916812155,7900
BTCUSDT,ETHUSDT,0.0,-8.951454782289202,0.0,0.0013993815032484894,3.0,-0.8902825868453043,0.10971741315469571,7960
BTCUSDT,ETHUSDT,0.0,-9.23816818962538,0.0,0.0014343436229870621,3.0,-0.9057674227614599,0.09423257723853995,7970
BTCUSDT,ETHUSDT,0.0,-9.520800963722929,0.0,0.0012434171749105764,2.0,-0.5659891756579494,-0.4340108243420506,8680
BTCUSDT,ETHUSDT,0.0,-8.992619788476626,0.0,0.001433457538782908,2.0,-0.4105368912727591,-0.589463108727241,8690
BTCUSDT,ETHUSDT,0.0,-6.644226913835134,0.00018365773969568217,0.0016857247214192897,5.0,-0.7669446569736701,0.23305534302633002,9120
BTCUSDT,ETHUSDT,0.0,8.138604484020753,0.0,0.0009580825531367184,2.0,0.8481411472525023,-0.15185885274749766,9240
BTCUSDT,ETHUSDT,0.0,8.29459801901273,0.0,0.0012145151617200724,2.0,0.8562633995383018,-0.14373660046169817,9360
BTCUSDT,ETHUSDT,0.0,-8.418076130118466,0.0,0.0011327388376008573,3.0,-0.8628942646392136,0.1371057353607865,9370
BTCUSDT,ETHUSDT,0.0,2.9755630104078232,0.0,0.0009510816161221871,2.0,0.5703011813601909,-0.42969881863980913,9610
BTCUSDT,ETHUSDT,0.0,-2.9178351405012917,0.0,0.0010366978869936856,2.0,-0.5671778967556922,0.43282210324430787,9630
BTCUSDT,ETHUSDT,0.0,9.23653383063635,0.0,0.002262714446031661,2.0,0.47549269201455696,0.5245073079854431,9670
BTCUSDT,ETHUSDT,0.0,0.0,0.0,0.001145086117175604,1.0,-0.41106073354901534,0.5889392664509847,9990
BTCUSDT,ETHUSDT,0.0,0.0,0.0,0.001107531384009527,1.0,-0.4110678807766676,0.5889321192233323,10000
BTCUSDT,ETHUSDT,0.0,4.239222173166634,-4.874047317969978e-05,0.0006471748219221855,4.0,0.6383148765646516,-0.3616851234353484,10220
BTCUSDT,ETHUSDT,0.0,0.5979953214067032,-6.5573709798006e-05,0.0009689183685486362,4.0,0.4419185665122896,-0.5580814334877103,10360
BTCUSDT,ETHUSDT,0.0,0.0,0.0,0.0008533799450258736,1.0,-0.4105431286936186,0.5894568713063815,10630
BTCUSDT,ETHUSDT,0.0,9.238057162526864,-7.086022921808734e-05,0.0013797218348902006,4.0,0.47898926805950887,0.5210107319404911,10650
BTCUSDT,ETHUSDT,0.0,0.0,0.0,0.0009417891259857578,1.0,-0.4108336905703114,0.5891663094296886,11030
BTCUSDT,ETHUSDT,0.0,0.0,0.0,0.0007870327026175877,1.0,-0.41066162578895143,0.5893383742110485,11180
BTCUSDT,ETHUSDT,0.0,0.0,0.0,0.0007497692876274895,1.0,-0.41066139813231334,0.5893386018676867,11200
BTCUSDT,ETHUSDT,0.0,0.0,0.0,0.0007342915663880856,1.0,-0.41066107004629193,0.5893389299537082,11210
BTCUSDT,ETHUSDT,0.0,2.271748770994265,-3.423370165103408e-05,0.000556401173153338,4.0,0.532253633036824,-0.467746366963176,11230
BTCUSDT,ETHUSDT,0.0,1.1878921662781436,3.863697897425052e-05,0.0007947590375479932,5.0,-0.34713108266290826,0.6528689173370918,11750
BTCUSDT,ETHUSDT,0.0,0.0,0.0,0.0006740555959283079,1.0,-0.410847133311983,0.589152866688017,11760
BTCUSDT,ETHUSDT,0.0,0.0,0.0,0.0017416514244856132,1.0,-0.41410847026206865,0.5858915297379313,12840
BTCUSDT,ETHUSDT,0.0,0.0,0.0,0.001630384896179698,1.0,-0.41474617525997914,0.5852538247400209,13830
BTCUSDT,ETHUSDT,0.0,0.0,0.0,0.0027153462111362556,1.0,-0.4162137497682981,0.5837862502317019,13970
BTCUSDT,ETHUSDT,0.0,0.0,0.0,0.002288118998091463,1.0,-0.4162024492411336,0.5837975507588665,13990
BTCUSDT,ETHUSDT,1.0,2.9461153119731587,-0.00015200980948196788,0.0016597799947938028,4.0,0.5745552492610334,-0.42544475073896654,14160
BTCUSDT,ETHUSDT,0.0,-4.494733683417382,-7.096747504800229e-05,0.0009853745079674479,5.0,-0.6592148354917309,0.3407851645082692,14770
BTCUSDT,ETHUSDT,0.0,-4.899633454127948,-8.778739717250734e-05,0.0008887682748036095,4.0,-0.6810651159671318,0.31893488403286824,14790
BTCUSDT,ETHUSDT,0.0,-2.0131698355564667,0.0,0.001506525032001297,2.0,-0.5248476597121297,0.47515234028787046,14830
BTCUSDT,ETHUSDT,0.0,-2.150762426395806,0.0,0.0012705283842134828,3.0,-0.532261798618679,0.46773820138132116,14840
BTCUSDT,ETHUSDT,0.0,-2.1783015182621654,0.0,0.0013288676814458577,3.0,-0.5337284613528073,0.4662715386471928,14850
BTCUSDT,ETHUSDT,0.0,0.0,0.0,0.002299908057122748,1.0,-0.4192065107417305,0.5807934892582696,15430
BTCUSDT,ETHUSDT,0.0,-4.5709485164256245,6.704577009731512e-05,0.0006128403101224198,5.0,-0.662492296060916,0.337507703939084,15600
BTCUSDT,ETHUSDT,0.0,0.0,0.0,0.001033075008163812,1.0,-0.42101810642310555,0.5789818935768944,16140
BTCUSDT,ETHUSDT,0.0,0.0,0.0,,1.0,-0.4210181425341099,0.57898185746589,16180
BTCUSDT,ETHUSDT,0.0,0.0,0.0,0.07992460018738767,1.0,-0.4314276099955057,0.5685723900044943,17160
BTCUSDT,ETHUSDT,0.0,-6.11012008196293,0.0,0.001785675536689981,3.0,-0.7479730204965332,0.25202697950346675,17440
BTCUSDT,ETHUSDT,0.0,-6.92282383844261,0.0,0.00237748101717011,3.0,-0.7907905827044999,0.2092094172955001,17460
BTCUSDT,ETHUSDT,0.0,-4.160461668343771,0.0,0.0009359670564010808,2.0,-0.6449753122955866,0.3550246877044135,18130
BTCUSDT,ETHUSDT,0.0,-4.83185942548362,0.0,0.0014672727101770545,3.0,-0.6794969417416462,0.3205030582583538,18350
BTCUSDT,ETHUSDT,0.0,0.0,0.0,0.009030901285400846,1.0,-0.4313634788147823,0.5686365211852177,19020
BTCUSDT,ETHUSDT,0.0,-10.70791743525363,-0.0004204299807998763,0.0064531045727044085,4.0,-0.972466560952101,-0.027533439047898917,20070
BTCUSDT,ETHUSDT,1.0,-8.656290913820214,0.0,0.005530806746244295,3.0,-0.8870021474162464,0.11299785258375358,20090
BTCUSDT,ETHUSDT,0.0,-8.382429305897539,0.0,0.003671637987144571,2.0,-0.8725516046860813,0.12744839531391872,20100
BTCUSDT,ETHUSDT,0.0,-10.062590343123517,0.0,0.005150487223435651,3.0,-0.9607874041127602,0.0392125958872399,20110
BTCUSDT,ETHUSDT,0.0,-1.6646999590969997,-9.918799651191789e-05,0.0016543093965851374,5.0,-0.5211297828078256,0.47887021719217443,20550
BTCUSDT,ETHUSDT,0.0,-1.570304673520277,-0.00010509397870494625,0.0015622937623090204,5.0,-0.5161560279591487,0.4838439720408513,20560
BTCUSDT,ETHUSDT,0.0,-1.6920293080771798,-9.759130324505965e-05,0.0015468841860949872,4.0,-0.522464418918863,0.47753558108113703,20570
BTCUSDT,ETHUSDT,0.0,-2.79918515436174,-5.29934324226415e-05,0.001430593213467586,5.0,-0.5806636531854114,0.4193363468145887,21100
BTCUSDT,ETHUSDT,0.0,-4.057314818210773,-0.00011004180831296635,0.0030330867428784206,5.0,-0.6476144031088932,0.35238559689110677,21210
BTCUSDT,ETHUSDT,0.0,0.0,0.0,0.0023661361694409092,1.0,-0.43221057524685036,0.5677894247531498,21360
BTCUSDT,ETHUSDT,0.0,-4.6731716302613675,-0.0002992287062174614,0.002697556774772866,5.0,-0.6804332451110364,0.31956675488896363,22230
BTCUSDT,ETHUSDT,0.0,-3.8509029772399117,0.0,0.001701714397478539,2.0,-0.6350734989033175,0.3649265010966825,23030
BTCUSDT,ETHUSDT,0.0,-3.903828131167252,0.0,0.001835294433176196,2.0,-0.6379864935451741,0.36201350645482594,23040
BTCUSDT,ETHUSDT,0.0,-4.066002146619018,0.0,0.0014250498058063507,3.0,-0.647658408093921,0.35234159190607905,23300
BTCUSDT,ETHUSDT,0.0,-3.6935372064790983,0.0,0.001248933038935809,3.0,-0.6274679803120798,0.3725320196879202,23330
BTCUSDT,ETHUSDT,0.0,-4.088795739560603,0.0,0.0012552493729468164,3.0,-0.6489267160563554,0.35107328394364457,23340
BTCUSDT,ETHUSDT,0.0,-4.081067781632192,0.0,0.0013491891950279705,3.0,-0.6485107986569958,0.35148920134300415,23350
BTCUSDT,ETHUSDT,0.0,-3.958543190217142,0.0,0.0014366772513782372,2.0,-0.6418324707423905,0.3581675292576095,23360
BTCUSDT,ETHUSDT,0.0,-5.003302197592876,0.00013892570506736552,0.002066690249202244,5.0,-0.6984095340544928,0.30159046594550726,23400
BTCUSDT,ETHUSDT,0.0,0.0,0.0,0.003964591935181983,1.0,-0.42859763025402187,0.5714023697459781,23590
BTCUSDT,ETHUSDT,0.0,-4.0528998333615185,7.508596313921426e-05,0.0010527831884022036,5.0,-0.6478918615593096,0.3521081384406904,23840
BTCUSDT,ETHUSDT,0.0,0.0,0.0,0.0022980668695335503,1.0,-0.4286047930131823,0.5713952069868178,23960
BTCUSDT,ETHUSDT,0.0,0.0,0.0,0.0021916353927176205,1.0,-0.4286247316784731,0.571375268321527,23970
BTCUSDT,ETHUSDT,0.0,0.0,0.0,0.0021839211915171295,1.0,-0.42861736220507496,0.5713826377949252,23980
BTCUSDT,ETHUSDT,0.0,0.0,0.0,0.0019599884295647837,1.0,-0.42858622250397066,0.5714137774960293,23990
BTCUSDT,ETHUSDT,0.0,0.0,0.0,0.0017683964935851033,1.0,-0.4286036065971782,0.5713963934028219,24000
BTCUSDT,ETHUSDT,0.0,0.0,0.0,0.0014586959977554307,1.0,-0.42861325243732706,0.5713867475626729,24010
BTCUSDT,ETHUSDT,0.0,0.0,0.0,0.0014799123812003006,1.0,-0.4286053810903739,0.5713946189096262,24020
BTCUSDT,ETHUSDT,0.0,-2.496618677592166,0.0,0.000920531650309147,2.0,-0.5635943627990018,0.43640563720099823,24100
BTCUSDT,ETHUSDT,0.0,-3.775744685729408,5.6835875501674366e-05,0.0011565320489561703,4.0,-0.6326460536392206,0.36735394636077945,24110
BTCUSDT,ETHUSDT,0.0,3.864424938579824,-6.827791573072038e-05,0.0011578419863770238,4.0,0.6374458668173526,-0.3625541331826474,24120
BTCUSDT,ETHUSDT,0.0,-3.780195302742649,6.399855888544042e-05,0.0012072492398253329,4.0,-0.6329339037524601,0.36706609624754005,24130
BTCUSDT,ETHUSDT,0.0,-3.3391880446735165,6.512490864111181e-05,0.0010967428773159594,4.0,-0.6090916548385359,0.3909083451614641,24140
BTCUSDT,ETHUSDT,0.0,-6.755484507761977,0.00017833598177749134,0.0036002757558274163,5.0,-0.7964143517125717,0.20358564828742834,24580
BTCUSDT,ETHUSDT,0.0,-4.987101158538885,-0.00012783932849966357,0.0017141655206330039,4.0,-0.6998915663209501,0.30010843367905,24760
BTCUSDT,ETHUSDT,0.0,5.350182193123501,0.0001104176776091987,0.0014121200599140026,4.0,0.7194745358341856,-0.2805254641658144,24800
BTCUSDT,ETHUSDT,0.0,-3.9606081272259677,0.0,0.0010084512916724304,2.0,-0.6429246481107261,0.3570753518892739,24870
BTCUSDT,ETHUSDT,0.0,-3.901806119465596,0.0,0.00090279712978513,3.0,-0.6397031883779954,0.36029681162200455,24890
BTCUSDT,ETHUSDT,0.0,-3.8003121364967667,0.0,0.0012604862188266945,2.0,-0.6341452716114139,0.3658547283885862,24930
BTCUSDT,ETHUSDT,0.0,-3.805995163848724,0.0,0.0011699561074229052,2.0,-0.6344567333308053,0.3655432666691947,24940
BTCUSDT,ETHUSDT,0.0,-3.552744791466944,0.0,0.0010790689786981443,2.0,-0.6206055123330017,0.3793944876669984,24950
BTCUSDT,ETHUSDT,0.0,3.63584880431742,0.0,0.0012706124331167857,2.0,0.6251512745639831,-0.3748487254360169,24960
BTCUSDT,ETHUSDT,0.0,-3.401423860587853,0.0,0.0010995999782579245,3.0,-0.6123218609721706,0.3876781390278295,24970
BTCUSDT,ETHUSDT,0.0,-5.722034678075203,9.353148553932691e-05,0.0020630135295918706,5.0,-0.7388454223743722,0.2611545776256278,25180
BTCUSDT,ETHUSDT,1.0,-4.42143415258359,0.0,0.0017194072354820339,3.0,-0.6685745993122302,0.33142540068776993,25250
BTCUSDT,ETHUSDT,0.0,1.9797789474723766,-2.7935801561589275e-05,0.0010908015860239056,4.0,0.5356974547403407,-0.46430254525965925,25510
BTCUSDT,ETHUSDT,0.0,-3.8302402615821465,0.0,0.0009727414492791348,2.0,-0.6366764421814809,0.3633235578185191,25540
BTCUSDT,ETHUSDT,0.0,-4.364439337993173,0.0,0.001042058333013903,2.0,-0.6657820116981196,0.3342179883018804,25550
BTCUSDT,ETHUSDT,0.0,3.044827621732657,-3.345522020919887e-05,0.0010798256770578394,4.0,0.5938073400525784,-0.40619265994742165,25560
BTCUSDT,ETHUSDT,0.0,-4.348578896716531,0.0,0.0009981182611829348,3.0,-0.6649318599220221,0.3350681400779779,25570
BTCUSDT,ETHUSDT,0.0,-4.6499132042856495,0.0,0.001035182264468797,2.0,-0.681327412973821,0.318672587026179,25580
BTCUSDT,ETHUSDT,0.0,-3.2945337362881415,0.0,0.0011175129823318482,3.0,-0.6075310623361305,0.39246893766386953,25610
BTCUSDT,ETHUSDT,0.0,-5.985785976680528,0.0,0.0014122611284015363,3.0,-0.7532351381249821,0.24676486187501787,25790
BTCUSDT,ETHUSDT,0.0,-5.599390358334539,0.0,0.0011524920164200823,3.0,-0.732292432587797,0.26770756741220314,25800
BTCUSDT,ETHUSDT,0.0,3.5182428787754443,0.0,0.0006046159400578859,2.0,0.619261548063189,-0.380738451936811,26100
BTCUSDT,ETHUSDT,3.0,-5.138715217771891,0.0,0.0019070872894361808,2.0,-0.7078714636930746,0.29212853630692537,26350
BTCUSDT,ETHUSDT,0.0,-6.870630190925398,0.0,0.0018118470384698212,3.0,-0.8015428712207844,0.1984571287792157,26490
BTCUSDT,ETHUSDT,0.0,-8.195373823068357,0.0,0.0044176979078147886,2.0,-0.12272673317507367,-0.8772732668249263,26630
BTCUSDT,ETHUSDT,0.0,0.0,0.0,,1.0,-0.42856436518751667,0.5714356348124833,28390
BTCUSDT,ETHUSDT,0.0,-8.791181076438516,0.0,0.008471174786137188,3.0,-0.37381605420126535,-0.6261839457987347,28430
BTCUSDT,ETHUSDT,0.0,-9.532544545417435,0.0,0.0027381610503941535,3.0,-0.9419316453017578,0.05806835469824218,29350
BTCUSDT,ETHUSDT,0.0,-10.553022155723278,0.0,0.0029934641380847792,3.0,-0.9810638078939223,-0.018936192106077644,29360
BTCUSDT,ETHUSDT,0.0,-0.22563128741308483,-0.00012140328049190581,0.0011960504010865975,4.0,-0.4361062971985747,0.5638937028014254,30360
BTCUSDT,ETHUSDT,0.0,-4.06640509312934,0.0,0.0014201594233344197,2.0,-0.646988023465438,0.353011976534562,30760
BTCUSDT,ETHUSDT,0.0,-3.9809103486635684,0.0,0.002963405878278053,2.0,-0.6433725554255121,0.356627444574488,31190
BTCUSDT,ETHUSDT,0.0,-3.950014531586398,0.0,0.0030020061096800972,2.0,-0.6416456108956105,0.3583543891043895,31200
BTCUSDT,ETHUSDT,0.0,-4.3830285972206635,0.0,0.0032944842845835545,2.0,-0.6657233257168668,0.3342766742831333,31210
BTCUSDT,ETHUSDT,1.0,-4.508214398034207,-5.415441438309674e-05,0.001885576198245368,5.0,-0.6728364019263019,0.3271635980736981,31230
BTCUSDT,ETHUSDT,0.0,-6.732008979554452,0.0,0.003176690263964747,3.0,-0.7963890312343243,0.20361096876567575,31240
BTCUSDT,ETHUSDT,0.0,-8.986229887140135,0.0,0.009655046129874716,2.0,-0.9214898695709557,0.0785101304290444,31590
BTCUSDT,ETHUSDT,0.0,-4.95977662763168,0.0,0.003947080262637128,2.0,-0.6970802051732653,0.3029197948267348,31600
BTCUSDT,ETHUSDT,0.0,-4.270008958056416,0.0,0.003024691408931242,2.0,-0.6586291502265607,0.3413708497734394,31610
BTCUSDT,ETHUSDT,0.0,-3.756410058759947,0.0,0.003081735325886342,2.0,-0.6300149626661263,0.3699850373338736,31620
BTCUSDT,ETHUSDT,0.0,-3.692797642293219,0.0,0.002869386121695961,2.0,-0.6264565158254795,0.3735434841745206,31630
BTCUSDT,ETHUSDT,0.0,-3.664926548793183,0.0,0.0028954185085725715,2.0,-0.6248645268705464,0.3751354731294537,31640
BTCUSDT,ETHUSDT,0.0,-3.564371500244067,0.0,0.0026924836257663856,2.0,-0.6192605989792731,0.380739401020727,31650
BTCUSDT,ETHUSDT,0.0,-3.5846980721136488,0.0,0.0026860544529268607,2.0,-0.6203697176179431,0.3796302823820569,31660
BTCUSDT,ETHUSDT,0.0,-3.5396305510428956,0.0,0.0026142411563254263,2.0,-0.6178279113159533,0.38217208868404673,31670
BTCUSDT,ETHUSDT,0.0,-4.414633120178299,0.0,0.001724539122657989,3.0,-0.6664525445800674,0.33354745541993264,31850
BTCUSDT,ETHUSDT,0.0,-4.887455315884472,0.0,0.001805087935343552,2.0,-0.6927433858019735,0.30725661419802647,31860
BTCUSDT,ETHUSDT,0.0,-8.264112219009013,-0.00024263973333095112,0.0031451249027504334,5.0,-0.25218209866493646,-0.7478179013350637,31990
BTCUSDT,ETHUSDT,0.0,0.0,0.0,0.0012279618792312773,1.0,-0.4209703555555005,0.5790296444444994,32000
BTCUSDT,ETHUSDT,0.0,0.0,0.0,0.001172530439305064,1.0,-0.4209720020837459,0.5790279979162541,32010
BTCUSDT,ETHUSDT,0.0,0.0,0.0,0.0011260369757823405,1.0,-0.420972432556824,0.5790275674431761,32020
BTCUSDT,ETHUSDT,0.0,0.0,0.0,0.001057538277119978,1.0,-0.4209694323388588,0.5790305676611412,32030
BTCUSDT,ETHUSDT,0.0,-5.42798509206796,0.0,0.002888361171978897,3.0,-0.7236262338753949,0.276373766124605,32450
BTCUSDT,ETHUSDT,0.0,-2.0078128182391657,-6.427447827801167e-05,0.0013987254590534899,5.0,-0.5324019422350165,0.4675980577649836,32520
BTCUSDT,ETHUSDT,0.0,-1.0587938912230817,-6.138357456002861e-05,0.0013557273677234467,4.0,-0.47927839252708576,0.5207216074729143,32530
BTCUSDT,ETHUSDT,0.0,-1.0489075946757254,-4.3805543489158996e-05,0.0011941446530641107,5.0,-0.47864063140254565,0.5213593685974544,32540
BTCUSDT,ETHUSDT,0.0,-1.3640316624133069,0.0,0.0009135782789400403,2.0,-0.49610163171585414,0.5038983682841458,32570
BTCUSDT,ETHUSDT,0.0,-1.3234590141627276,0.0,0.0009246145899348047,2.0,-0.49381413619235437,0.5061858638076456,32580
BTCUSDT,ETHUSDT,0.0,-1.3080643133783938,0.0,0.0009568489646184275,3.0,-0.49294746712398185,0.5070525328760181,32590
BTCUSDT,ETHUSDT,1.0,6.577434574601663,0.0,0.0016444041408674726,2.0,0.7845778253556097,-0.2154221746443903,33550
BTCUSDT,ETHUSDT,0.0,2.494982584118835,-0.00010552509146307251,0.0010042666423156572,4.0,0.560226912166545,-0.439773087833455,33730
BTCUSDT,ETHUSDT,0.0,-3.64849833733797,8.363614595466277e-05,0.0008708998236478332,4.0,-0.6240220177810628,0.37597798221893713,33750
BTCUSDT,ETHUSDT,0.0,0.0,0.0,0.0014638216624621666,1.0,-0.4249450829356735,0.5750549170643265,35350
BTCUSDT,ETHUSDT,0.0,-5.341238275683869,0.0,0.0008365199014491901,3.0,-0.7189291976699332,0.2810708023300668,36840
BTCUSDT,ETHUSDT,0.0,-3.756277399152067,0.0,0.0004147676677086362,2.0,-0.6312045038691191,0.368795496130881,36980
BTCUSDT,ETHUSDT,0.0,-3.9524011341596395,0.0,0.0004330357848355477,2.0,-0.6420374026688221,0.35796259733117786,36990
BTCUSDT,ETHUSDT,0.0,-4.903099682379754,-1.5295717401059438e-05,0.0005371265434967509,4.0,-0.6946163085293735,0.30538369147062655,37000
BTCUSDT,ETHUSDT,0.0,-4.451831099265505,0.0,0.0010672044405177802,2.0,-0.6692829262323349,0.3307170737676651,37130
BTCUSDT,ETHUSDT,0.0,-4.0433250446164415,0.0,0.0010182884589158444,2.0,-0.6467296683084797,0.35327033169152033,37140
BTCUSDT,ETHUSDT,0.0,-3.8275008706900335,0.0,0.0010047248591548927,2.0,-0.6348179009427889,0.3651820990572111,37150
BTCUSDT,ETHUSDT,0.0,-1.5150339692104682,0.0,0.000707085831017968,3.0,-0.5071670718328332,0.4928329281671668,37180
BTCUSDT,ETHUSDT,0.0,0.0,0.0,0.000911028339528917,1.0,-0.4235114584194676,0.5764885415805324,37190
BTCUSDT,ETHUSDT,0.0,-4.515880028040323,-5.797452978662546e-05,0.0007821876726030467,4.0,-0.6733369541193095,0.3266630458806905,37590
BTCUSDT,ETHUSDT,0.0,-4.610861738077933,-5.8092795040364725e-05,0.0007097739978495807,5.0,-0.6785825321350516,0.32141746786494835,37600
BTCUSDT,ETHUSDT,0.0,-9.226912403258947,0.0002465813806176156,0.0022932667372905905,4.0,-0.5905481302473713,-0.40945186975262876,38500
BTCUSDT,ETHUSDT,0.0,-8.25330408529123,0.0,0.0017560860183002082,2.0,-0.8825248980756598,0.11747510192434023,38570
BTCUSDT,ETHUSDT,0.0,-7.044926948197984,0.0,0.0014417663880531939,2.0,-0.815004396982792,0.18499560301720802,38580
BTCUSDT,ETHUSDT,0.0,-7.205247512821166,0.0,0.002185080035542066,2.0,0.016902097228114834,-0.9830979027718851,39320
BTCUSDT,ETHUSDT,0.0,5.677185725029101,0.0,0.0017770339594949287,3.0,-0.10256406659310148,0.8974359334068985,39330
BTCUSDT,ETHUSDT,0.0,-7.685847298103842,0.0,0.00183481963009706,2.0,-0.0630697253384653,-0.9369302746615347,39340
BTCUSDT,ETHUSDT,0.0,-6.283382972746507,0.0,0.0017447087901833341,2.0,0.06860864373947446,-0.9313913562605255,39350
BTCUSDT,ETHUSDT,0.0,0.0,0.0,0.000988876938081248,1.0,-0.4237226829829402,0.5762773170170598,40900
BTCUSDT,ETHUSDT,0.0,2.963806312544302,0.0,0.0013377146512245062,3.0,-0.26022173148391675,0.7397782685160833,40920
BTCUSDT,ETHUSDT,0.0,-5.039343735717103,-0.00023982413633464705,0.002337934652640583,4.0,0.14507378664557863,-0.8549262133544213,41490
BTCUSDT,ETHUSDT,0.0,-5.686589364410567,-9.951705765446012e-05,0.0015690202704103763,4.0,-0.7348838925427839,0.2651161074572161,41500
BTCUSDT,ETHUSDT,0.0,0.0,0.0,,1.0,0.41992129257994837,-0.5800787074200516,42830
BTCUSDT,ETHUSDT,0.0,-4.324580619830584,0.0,0.00099815961749641,3.0,-0.6610964965770874,0.3389035034229126,43680
BTCUSDT,ETHUSDT,0.0,0.0,0.0,0.0015798297860161522,1.0,-0.4258711402455991,0.5741288597544009,43730
BTCUSDT,ETHUSDT,0.0,0.0,0.0,0.0013973643637163356,1.0,-0.4258892066858004,0.5741107933141997,43750
BTCUSDT,ETHUSDT,0.0,0.0,0.0,0.001506504408482769,1.0,-0.42587893546348576,0.5741210645365143,43760
BTCUSDT,ETHUSDT,0.0,0.0,0.0,0.004064421565976656,1.0,-0.42742018765178436,0.5725798123482158,43920
BTCUSDT,ETHUSDT,0.0,0.0,0.0,0.0021098616365490958,1.0,-0.42744843989331816,0.5725515601066818,43950
BTCUSDT,ETHUSDT,0.0,0.0,0.0,0.0017053912187405859,1.0,-0.4274770295085687,0.5725229704914313,44040
BTCUSDT,ETHUSDT,2.0,0.0,0.0,0.001349022303319516,1.0,-0.4292076233891574,0.5707923766108426,44930
BTCUSDT,ETHUSDT,0.0,-2.5379274769459714,-8.250531354339414e-05,0.0006691751530761894,4.0,-0.5645441964455763,0.43545580355442376,45030
BTCUSDT,ETHUSDT,0.0,-2.516142620744298,-7.889196088823579e-05,0.0006857949378819865,4.0,-0.5633267560148907,0.4366732439851093,45040
BTCUSDT,ETHUSDT,0.0,-2.5932940729958283,-7.549463358605617e-05,0.0007676543605538234,4.0,-0.5673475407264723,0.43265245927352763,45060
BTCUSDT,ETHUSDT,0.0,-2.7984633178602727,-6.467117767505387e-05,0.0006718445036544248,4.0,-0.578247044601549,0.42175295539845103,45070
BTCUSDT,ETHUSDT,0.0,-3.9527557418429717,0.0,0.000951571290013336,3.0,-0.6397268650090211,0.36027313499097896,45080
BTCUSDT,ETHUSDT,0.0,-3.789312095315216,-3.3618366733730544e-05,0.0007441625692567477,5.0,-0.631087181981591,0.3689128180184091,45090
BTCUSDT,ETHUSDT,0.0,-3.823433291275676,0.0,0.0012141961786020427,2.0,-0.632797922659889,0.36720207734011096,45110
BTCUSDT,ETHUSDT,0.0,-3.6151353811111635,0.0,0.001282934324478522,2.0,-0.6216560443797743,0.37834395562022577,45120
BTCUSDT,ETHUSDT,0.0,-3.436340246610148,0.0,0.0011380385849551844,2.0,-0.6120823573728302,0.3879176426271699,45130
BTCUSDT,ETHUSDT,0.0,-3.7054838419912275,0.0,0.0010800324511822165,3.0,-0.6264839138006458,0.3735160861993542,45140
BTCUSDT,ETHUSDT,1.0,0.0,0.0,0.0015177628759164151,1.0,-0.42780114598639496,0.572198854013605,45210
BTCUSDT,ETHUSDT,0.0,-3.566480258742257,0.0,0.0006916352597191011,3.0,-0.6188096132967981,0.3811903867032019,45670
BTCUSDT,ETHUSDT,0.0,-3.4417085204553177,0.0,0.0007098999119264621,3.0,-0.6121513329326377,0.3878486670673624,45680
BTCUSDT,ETHUSDT,0.0,-3.4778936021375975,0.0,0.0006712196981867237,3.0,-0.614073079711311,0.385926920288689,45690
BTCUSDT,ETHUSDT,0.0,-3.488244624288545,0.0,0.0006538084855866334,3.0,-0.614620384981276,0.3853796150187239,45700
BTCUSDT,ETHUSDT,0.0,-3.8749210876906046,0.0,0.0007244511679293674,2.0,-0.6351985373975149,0.36480146260248525,45720
BTCUSDT,ETHUSDT,0.0,-5.009052128944271,0.0,0.0009860964350296162,2.0,-0.6955736796918851,0.3044263203081149,45730
BTCUSDT,ETHUSDT,0.0,-4.920809578536546,0.0,0.0009475137929102144,2.0,-0.6908781827392888,0.3091218172607112,45740
BTCUSDT,ETHUSDT,0.0,2.179572628789986,4.6904055080273184e-05,0.001318362024673406,5.0,-0.3133886793847211,0.686611320615279,45880
BTCUSDT,ETHUSDT,0.0,0.0,0.0,0.000883836866918171,1.0,-0.4293366893028484,0.5706633106971516,45910
BTCUSDT,ETHUSDT,0.0,0.0,0.0,0.0008608659784871,1.0,-0.4293427696893954,0.5706572303106047,45920
BTCUSDT,ETHUSDT,0.0,0.0,0.0,0.000855015280967219,1.0,-0.42933949851265557,0.5706605014873445,45930
BTCUSDT,ETHUSDT,0.0,0.0,0.0,0.0013493338345532378,1.0,-0.42888916505908936,0.5711108349409106,46130
BTCUSDT,ETHUSDT,0.0,-6.385331480637435,0.0,0.001463673118161221,3.0,-0.7695497948862468,0.2304502051137533,46210
BTCUSDT,ETHUSDT,0.0,-5.874184963701156,0.0,0.001048267526790418,2.0,-0.7422837925635385,0.25771620743646145,46220
BTCUSDT,ETHUSDT,0.0,-5.887419921908719,0.0,0.0008876838419279409,2.0,-0.7430002006754121,0.25699979932458794,46230
BTCUSDT,ETHUSDT,0.0,-5.881176495820757,0.0,0.0008586426054809085,2.0,-0.742670546104818,0.257329453895182,46240
BTCUSDT,ETHUSDT,1.0,1.0881449964350778,-1.5745500726609494e-05,0.0005411300304374307,4.0,0.48689979883687506,-0.5131002011631249,46610
BTCUSDT,ETHUSDT,0.0,-4.622076815137895,0.0,0.0008296624560180707,3.0,-0.6747214337696193,0.32527856623038065,47110
BTCUSDT,ETHUSDT,0.0,-4.545219169502248,0.0,0.0008391610117942475,3.0,-0.6706265336258633,0.32937346637413667,47120
BTCUSDT,ETHUSDT,0.0,-2.958578580953521,-3.699139509098184e-05,0.000739442037964853,5.0,-0.5863230955425958,0.4136769044574043,47150
BTCUSDT,ETHUSDT,0.0,-2.891298158819692,-4.054031047903978e-05,0.0007957040977321397,5.0,-0.5827342603847534,0.4172657396152466,47160
BTCUSDT,ETHUSDT,0.0,-1.5456949869128334,0.0,0.0006209612702438378,3.0,-0.510564145799857,0.48943585420014313,47740
BTCUSDT,ETHUSDT,0.0,1.9876780103902123,0.0,0.0006649887498232942,2.0,0.5341898212291821,-0.4658101787708178,47750
BTCUSDT,ETHUSDT,0.0,-8.626471262339834,0.0,0.0021203368945161985,2.0,-0.8847498405414312,0.11525015945856873,48560
BTCUSDT,ETHUSDT,0.0,-4.820545738249825,-6.23727593584571e-05,0.0008261948920042901,5.0,-0.6836643449374803,0.3163356550625198,49250
BTCUSDT,ETHUSDT,0.0,-3.3406669071373605,-2.8740025662080207e-05,0.0006017141877590254,4.0,-0.605077374612316,0.394922625387684,49700
BTCUSDT,ETHUSDT,0.0,-4.449546537762517,-3.25466513846121e-05,0.0007067561466432257,4.0,-0.6638276156424396,0.33617238435756036,49710
BTCUSDT,ETHUSDT,0.0,-4.702801046781673,-3.642995824263887e-05,0.0008183130609168461,4.0,-0.677234309319357,0.322765690680643,49720
BTCUSDT,ETHUSDT,0.0,-8.536301089055042,0.0,0.002402045138784846,3.0,-0.16849303429353446,-0.8315069657064655,49730
BTCUSDT,ETHUSDT,0.0,0.0,0.0,0.001543377130580198,1.0,-0.4277229390510921,0.5722770609489078,49840
BTCUSDT,ETHUSDT,0.0,0.0,0.0,0.001387319705436545,1.0,-0.42773630269231394,0.5722636973076861,49850
BTCUSDT,ETHUSDT,0.0,0.0,0.0,0.0006557619711529235,1.0,-0.4277140971617059,0.5722859028382941,50120
BTCUSDT,ETHUSDT,0.0,0.0,0.0,0.00060416353403142,1.0,-0.4277096945188222,0.5722903054811778,50130
BTCUSDT,ETHUSDT,0.0,0.0,0.0,0.000713899884123687,1.0,-0.4281472175414361,0.5718527824585639,50400
BTCUSDT,ETHUSDT,0.0,-8.983956719662316,0.0,0.0010781654946458413,2.0,-0.9039015762867573,0.09609842371324277,50410
BTCUSDT,ETHUSDT,0.0,0.0,0.0,0.0004964480437179544,1.0,-0.42815954744526163,0.5718404525547384,50560
BTCUSDT,ETHUSDT,0.0,8.309495378668203,0.0,0.0018505720182140698,2.0,0.08811929227872416,0.9118807077212759,50740
BTCUSDT,ETHUSDT,0.0,9.42852014827745,0.0,0.0015843269564836098,2.0,0.49982897387045794,0.500171026129542,50750
BTCUSDT,ETHUSDT,0.0,-9.469388097994894,-0.00017220806166226126,0.0015144889676155298,5.0,-0.5166993197880264,-0.48330068021197353,50850
BTCUSDT,ETHUSDT,0.0,0.0,0.0,0.003309989273141916,1.0,-0.43025192735683027,0.5697480726431697,51350
BTCUSDT,ETHUSDT,0.0,0.0,0.0,0.0016499236804044454,1.0,-0.43025219374831547,0.5697478062516845,51400
BTCUSDT,ETHUSDT,0.0,0.0,0.0,0.001123121590056015,1.0,-0.4314004346132756,0.5685995653867244,51610
BTCUSDT,ETHUSDT,0.0,4.3468983136246715,0.0,0.0015686904447871426,3.0,-0.20186738113043687,0.7981326188695631,51620
BTCUSDT,ETHUSDT,1.0,-9.038415495255144,0.0,0.001910531128624398,2.0,-0.312846430568922,-0.687153569431078,51860
BTCUSDT,ETHUSDT,0.0,8.812660523640464,0.0,0.001766170304647684,3.0,0.22545578838762984,0.7745442116123702,51870
BTCUSDT,ETHUSDT,0.0,-8.951738277181548,0.0,0.0015988891244265967,2.0,-0.26568314859718783,-0.7343168514028121,52420
BTCUSDT,ETHUSDT,0.0,-8.677101153304013,0.0,0.0025704571289625047,2.0,-0.15568414434021896,-0.8443158556597811,53230
BTCUSDT,ETHUSDT,0.0,-8.964114773238268,0.0,0.00217049628280513,2.0,-0.26612094189732716,-0.7338790581026728,53240
BTCUSDT,ETHUSDT,0.0,0.0,0.0,0.0016946753754793463,1.0,-0.43216481250868066,0.5678351874913193,53250
BTCUSDT,ETHUSDT,0.0,5.968790469256755,0.0,0.0020394014023237383,2.0,0.7467457490205142,-0.2532542509794858,53470
BTCUSDT,ETHUSDT,0.0,6.207213688734509,0.0,0.001976365965020637,2.0,0.7593704437727178,-0.2406295562272822,53480
BTCUSDT,ETHUSDT,0.0,-6.366303167565316,0.0,0.0020048857511351676,2.0,-0.7677909249401705,0.2322090750598294,53490
BTCUSDT,ETHUSDT,0.0,-7.273551091044684,0.0,0.002264157977602477,3.0,-0.8158155817184737,0.18418441828152637,53500
BTCUSDT,ETHUSDT,0.0,-5.4972791453480205,5.808318673490181e-05,0.0013452636480705852,4.0,-0.7216673575759123,0.27833264242408773,53510
BTCUSDT,ETHUSDT,0.0,0.0,0.0,0.0015814457414797531,1.0,-0.4300335148790991,0.5699664851209009,54420
BTCUSDT,ETHUSDT,0.0,0.0,0.0,0.0015203456302924473,1.0,-0.4300447060494147,0.5699552939505853,54430
BTCUSDT,ETHUSDT,1.0,6.938530018124164,-0.0002208429265962059,0.0023827511862308214,4.0,-0.06223814392381752,0.9377618560761826,54630
BTCUSDT,ETHUSDT,0.0,0.0,0.0,0.0012876929655312524,1.0,-0.43045747103874943,0.5695425289612507,55240
BTCUSDT,ETHUSDT,1.0,-9.347445127463658,0.0,0.0021130496911943323,3.0,-0.47676452950786313,-0.5232354704921369,55260
BTCUSDT,ETHUSDT,0.0,-6.987343096741123,0.0,0.0008810150782155317,3.0,-0.7993428878251373,0.20065711217486265,56530
BTCUSDT,ETHUSDT,0.0,0.0,0.0,0.0009595326821754608,1.0,-0.4302040868889912,0.5697959131110087,56740
BTCUSDT,ETHUSDT,0.0,-5.2171023775667384,-7.603817566526581e-05,0.001194897138786,5.0,-0.7084977036082449,0.291502296391755,57350
BTCUSDT,ETHUSDT,0.0,-4.367248572425259,-5.581864832133782e-05,0.0009411333240819651,5.0,-0.6629469668029437,0.3370530331970563,57360
BTCUSDT,ETHUSDT,1.0,-4.090302516730977,0.0,0.002201090614755982,3.0,-0.6478906730602033,0.3521093269397967,57430
BTCUSDT,ETHUSDT,0.0,-3.4507958607609965,-0.00014578597130155202,0.0021450310614791663,4.0,0.2440574005869467,-0.7559425994130534,57820
BTCUSDT,ETHUSDT,0.0,-0.3354862346888965,-3.5354731702330996e-05,0.0009405877944228459,5.0,-0.4472932502857538,0.5527067497142462,58050
BTCUSDT,ETHUSDT,0.0,-0.3985233048139409,-3.095482044864464e-05,0.0009138746912714585,5.0,-0.45059848008863124,0.5494015199113689,58070
BTCUSDT,ETHUSDT,0.0,-7.0050279980789485,0.0,0.0015024422414638174,2.0,-0.802630369081994,0.19736963091800602,58090
BTCUSDT,ETHUSDT,0.0,-5.998288662674648,0.0,0.0012502107841284129,2.0,-0.7489669400673122,0.2510330599326877,58100
BTCUSDT,ETHUSDT,0.0,-5.990706451703747,2.3839488267556862e-05,0.00104266112296881,4.0,-0.7493810490482916,0.2506189509517084,58660
BTCUSDT,ETHUSDT,0.0,-9.376604807213763,0.0,0.0014292320733800198,2.0,-0.9305601316271538,0.06943986837284633,58880
BTCUSDT,ETHUSDT,0.0,-3.986537932519836,0.0,0.000777736891030597,2.0,-0.6419390103346302,0.3580609896653698,59680
BTCUSDT,ETHUSDT,0.0,-10.38235255295978,-0.00023377572044710332,0.0020834930160130998,5.0,-0.9800776922230602,0.019922307776939895,60060
BTCUSDT,ETHUSDT,0.0,0.0,0.0,0.002322638540744615,1.0,-0.43028141139746373,0.5697185886025363,60370
BTCUSDT,ETHUSDT,0.0,-4.975509171193568,0.0,0.0010494925164141113,2.0,-0.6931328619536212,0.3068671380463788,60730
BTCUSDT,ETHUSDT,0.0,-4.770452527509695,0.0,0.000876907460615479,3.0,-0.6822614843415122,0.3177385156584877,60740
BTCUSDT,ETHUSDT,0.0,-7.056516628789626,0.0,0.0008811474103781108,2.0,-0.8032711231815687,0.19672887681843138,60820
BTCUSDT,ETHUSDT,0.0,-2.832275972412925,0.0,0.0008025411225940662,2.0,-0.5774738837760091,0.422526116223991,61810
BTCUSDT,ETHUSDT,0.0,0.0,0.0,0.0008809079169998478,1.0,-0.42871866928101454,0.5712813307189855,62190
BTCUSDT,ETHUSDT,0.0,1.1851019166620236,0.0,0.0010004146108822192,3.0,-0.3666128216829752,0.6333871783170248,62200
BTCUSDT,ETHUSDT,0.0,-0.18368744475658658,-2.7450430020987585e-05,0.0005399857085733865,5.0,-0.43834470606761733,0.5616552939323828,62360
BTCUSDT,ETHUSDT,0.0,-10.793799016987421,0.0,0.0029220149718090778,2.0,-0.9466998559667716,-0.05330014403322835,62820
BTCUSDT,ETHUSDT,0.0,-10.750849904511464,0.0,0.0022574385451849567,3.0,-0.9308012590692208,-0.06919874093077912,62830
BTCUSDT,ETHUSDT,0.0,-0.7684466361338234,-0.0001139855627465274,0.0009133086123279377,4.0,-0.4682528981460776,0.5317471018539224,62880
BTCUSDT,ETHUSDT,0.0,-9.094899387099266,0.0,0.0017581778653351725,2.0,-0.9027044464815632,0.09729555351843676,62950
BTCUSDT,ETHUSDT,0.0,-9.366444050906365,0.0,0.0021273832327416697,2.0,-0.9169466146253156,0.08305338537468437,62970
BTCUSDT,ETHUSDT,0.0,-9.834948874694437,0.0,0.0021268903893066787,2.0,-0.9414529540681155,0.05854704593188455,62980
BTCUSDT,ETHUSDT,0.0,-10.528066325518658,0.0,0.0023718615724050316,2.0,-0.9777476911354949,0.02225230886450524,62990
BTCUSDT,ETHUSDT,0.0,-10.946226584111153,0.0001022814879232494,0.0021323458862941833,4.0,-0.9954343276763064,-0.004565672323693631,63000
BTCUSDT,ETHUSDT,0.0,0.0,0.0,0.0015530936598630697,1.0,-0.42701335191232387,0.5729866480876761,63010
BTCUSDT,ETHUSDT,0.0,-10.654398030390027,0.00013498642955692489,0.0016217470684912532,4.0,-0.8847876661124657,-0.11521233388753427,63660
BTCUSDT,ETHUSDT,0.0,-2.735503314122801,-6.68850063875449e-05,0.0007048543777206463,4.0,-0.5708685160074584,0.4291314839925417,64010
BTCUSDT,ETHUSDT,0.0,-0.9076900418515332,0.0,0.0011789933249339076,2.0,0.3811929599870162,-0.6188070400129838,64030
BTCUSDT,ETHUSDT,0.0,1.0717319338786067,0.0,0.0011907132164065645,2.0,-0.3726551122041383,0.6273448877958617,64040
BTCUSDT,ETHUSDT,0.0,0.0,0.0,0.001361496592255877,1.0,-0.4283618803138975,0.5716381196861026,64050
BTCUSDT,ETHUSDT,0.0,1.1563501313164628,0.0,0.0013551290082537391,2.0,-0.3682822352202179,0.631717764779782,64060
BTCUSDT,ETHUSDT,0.0,-3.7909207822390028,0.0,0.0006792790136895564,2.0,-0.624110825958835,0.37588917404116495,65130
BTCUSDT,ETHUSDT,0.0,7.042009001619363,-7.4657478079284e-05,0.0020789000383640436,4.0,0.7928935249055271,-0.20710647509447289,65850
BTCUSDT,ETHUSDT,0.0,9.992184711761354,-0.0001041720742176945,0.0019378918118743984,4.0,0.6164504218921676,0.3835495781078324,66500
BTCUSDT,ETHUSDT,0.0,0.999430365851257,4.419865586094979e-05,0.0010550552019029365,4.0,0.48223263515112597,-0.5177673648488741,67490
BTCUSDT,ETHUSDT,0.0,-5.399243551323038,0.0,0.0009715379702635085,2.0,-0.7103248656008299,0.28967513439917014,67640
BTCUSDT,ETHUSDT,0.0,-5.224061800066872,0.0,0.0009084178091176222,2.0,-0.701234985939505,0.2987650140604951,67650
BTCUSDT,ETHUSDT,0.0,-5.399583563286395,0.0,0.000981223371838195,2.0,-0.7103411321720903,0.28965886782790967,67660
BTCUSDT,ETHUSDT,0.0,1.5376184041657408,-3.745779359879425e-05,0.0006444681654288532,4.0,0.510565824862442,-0.4894341751375581,68690
BTCUSDT,ETHUSDT,0.0,0.7484213336235731,-4.698732409415129e-05,0.0007073060353493417,4.0,0.4698039454102204,-0.5301960545897796,68700
BTCUSDT,ETHUSDT,0.0,-1.6220278411462719,0.0,0.0005386192548736502,2.0,-0.515086112892951,0.484913887107049,68740
BTCUSDT,ETHUSDT,0.0,0.0,0.0,0.0008669161260962853,1.0,-0.43279200044125643,0.5672079995587436,69660
BTCUSDT,ETHUSDT,0.0,0.0,0.0,0.0006785237353971038,1.0,-0.4327858948734538,0.5672141051265461,69700
BTCUSDT,ETHUSDT,0.0,0.0,0.0,0.0006456608593139197,1.0,-0.43279561493610164,0.5672043850638984,69740
BTCUSDT,ETHUSDT,0.0,-2.2713748047857503,0.0,0.0007044596696966495,3.0,-0.5496198232985245,0.4503801767014755,69820
BTCUSDT,ETHUSDT,0.0,-6.703272673057548,0.0,0.001272561184486446,3.0,-0.7777564065196334,0.22224359348036662,69870
BTCUSDT,ETHUSDT,0.0,-6.790015541124615,0.0,0.0010525368242755477,2.0,-0.7822352327006363,0.21776476729936373,69880
BTCUSDT,ETHUSDT,0.0,-6.722349349814462,0.0,0.0010354979622428963,2.0,-0.7787512109279959,0.22124878907200413,69890
BTCUSDT,ETHUSDT,0.0,0.0,0.0,0.0007456587236538238,1.0,-0.432750217522082,0.567249782477918,69980
BTCUSDT,ETHUSDT,0.0,0.0,0.0,0.000775323359282418,1.0,-0.43272639092396115,0.567273609076039,70020
BTCUSDT,ETHUSDT,0.0,0.0,0.0,0.0007176235803261097,1.0,-0.4327221431180461,0.567277856881954,70030
BTCUSDT,ETHUSDT,0.0,0.0,0.0,0.0008276526980905668,1.0,-0.43271675407689386,0.5672832459231061,70060
BTCUSDT,ETHUSDT,0.0,-10.81333990897939,0.0,0.0022873417921884186,3.0,-0.9210935483171168,-0.07890645168288327,70150
BTCUSDT,ETHUSDT,0.0,-10.610547705368866,0.0,0.0015842732332339662,3.0,-0.8437876829044951,-0.15621231709550484,70160
BTCUSDT,ETHUSDT,0.0,-10.730021305007586,0.0,0.0016031287275069038,3.0,-0.8894827156641139,-0.1105172843358862,70170
BTCUSDT,ETHUSDT,0.0,-10.863922878201832,0.0,0.0015755729288473392,2.0,-0.9405675565617084,-0.05943244343829154,70180
BTCUSDT,ETHUSDT,0.0,-9.919720691825262,0.0,0.0014008077611951182,2.0,-0.9433999804280154,0.056600019571984676,70190
BTCUSDT,ETHUSDT,0.0,-10.941690012328852,0.0,0.0014999243168138407,2.0,-0.9703098300109798,-0.029690169989020253,70210
BTCUSDT,ETHUSDT,0.0,-8.723428170547345,0.0,0.0013301707586247517,2.0,-0.881804961144487,0.118195038855513,70220
BTCUSDT,ETHUSDT,0.0,-10.4269320981366,-6.238165664810689e-05,0.0014194895856007458,5.0,-0.7446657667973414,-0.25533423320265863,71460
BTCUSDT,ETHUSDT,0.0,-2.9644988029614976,-0.0001485387709459558,0.001105014733630069,4.0,0.2802206454048793,-0.7197793545951207,71710
BTCUSDT,ETHUSDT,0.0,-4.095556253551271,0.0,0.0008824978668519814,3.0,-0.6423386076278238,0.35766139237217615,71740
BTCUSDT,ETHUSDT,0.0,-5.8481332458547985,0.0,0.0009524206848197357,2.0,-0.7322536518883318,0.2677463481116682,71890
BTCUSDT,ETHUSDT,0.0,-2.575503182159765,0.0,0.000797451244716815,2.0,-0.564829248188106,0.4351707518118941,72170
BTCUSDT,ETHUSDT,0.0,-2.5588802619623876,0.0,0.0007932237923987326,2.0,-0.5639814181741186,0.4360185818258815,72180
BTCUSDT,ETHUSDT,0.0,-2.5566433528987442,0.0,0.0006667115924637187,2.0,-0.5638693847916867,0.43613061520831337,72190
BTCUSDT,ETHUSDT,1.0,-7.035355133410004,0.0,0.001014309835347587,2.0,-0.7935106676919984,0.20648933230800157,72320
BTCUSDT,ETHUSDT,0.0,-2.6925999737693056,-6.328702201279886e-05,0.0008009268583077292,4.0,-0.5708016136687003,0.4291983863312997,73340
BTCUSDT,ETHUSDT,0.0,-3.1100756268907777,0.0,0.0007551935681489401,2.0,-0.5920753223897435,0.40792467761025647,73400
BTCUSDT,ETHUSDT,0.0,-3.1274628483569935,0.0,0.0006274542277948292,2.0,-0.5929799693916663,0.40702003060833364,73410
BTCUSDT,ETHUSDT,0.0,-2.9502505534498606,0.0,0.0006127264317890464,2.0,-0.583810986770047,0.4161890132299531,73420
BTCUSDT,ETHUSDT,0.0,-3.79991530840532,0.0,0.000943986699355889,2.0,-0.6277794373070699,0.37222056269293025,73430
BTCUSDT,ETHUSDT,0.0,-4.7506927598382305,0.0,0.0011391664365298015,2.0,-0.6769882139330501,0.32301178606695,73440
BTCUSDT,ETHUSDT,0.0,-10.845546185424245,0.0,0.0018912639063411304,3.0,-0.9537553308377313,-0.046244669162268624,74180
BTCUSDT,ETHUSDT,0.0,-10.72542826884584,0.0,0.001791774332234788,2.0,-0.9076508442970697,-0.09234915570293042,74190
BTCUSDT,ETHUSDT,0.0,-3.0691223994751007,2.603096713343005e-05,0.0003501453522776486,5.0,-0.5911367970175205,0.4088632029824794,74400
BTCUSDT,ETHUSDT,1.0,-10.899249462650463,-0.00018657887433695227,0.0026523748176481717,4.0,-0.9877131808405051,-0.012286819159494948,75110
BTCUSDT,ETHUSDT,0.0,-6.826337070366197,-3.6320772339597704e-05,0.0012027691804042209,4.0,-0.7863487726952012,0.21365122730479877,75350
BTCUSDT,ETHUSDT,0.0,-0.8613298167934371,4.622224875707373e-05,0.0007872484096012883,5.0,-0.47724436672008896,0.522755633279911,75680
BTCUSDT,ETHUSDT,0.0,-1.20989062117419,4.011600946108557e-05,0.0006522971274495726,5.0,-0.49532022201899306,0.5046797779810069,75690
BTCUSDT,ETHUSDT,0.0,-1.167919768052147,3.704085053335119e-05,0.0005927082129911176,5.0,-0.4931777497211985,0.5068222502788015,75700
BTCUSDT,ETHUSDT,2.0,1.2228945986001794,-3.669390164931933e-05,0.0008064725520193661,5.0,-0.36970186016864165,0.6302981398313583,75750
BTCUSDT,ETHUSDT,0.0,-1.7704931073982455,0.0,0.0006885220263693113,3.0,-0.5250759106356716,0.47492408936432845,75980
BTCUSDT,ETHUSDT,0.0,-4.4808605166738324,3.0265045526914204e-05,0.0008159725983012049,4.0,-0.6657048689922285,0.33429513100777153,76180
BTCUSDT,ETHUSDT,0.0,-5.3865672274865375,3.9317234338804305e-05,0.0010474622511396619,4.0,-0.7128244343713125,0.28717556562868746,76190
BTCUSDT,ETHUSDT,0.0,4.603116777873532,-4.91338482490363e-05,0.0006841265261149492,4.0,0.6720451522211268,-0.3279548477788732,76200
BTCUSDT,ETHUSDT,0.0,0.0,0.0,0.001640292458095156,1.0,-0.43491949214169706,0.565080507858303,77840
BTCUSDT,ETHUSDT,0.0,-10.225448823499454,0.0,0.0037007371292050624,3.0,-0.7157168386103403,-0.28428316138965976,77860
BTCUSDT,ETHUSDT,0.0,10.656330909510942,0.0,0.003226749379279553,2.0,0.88672464098359,0.11327535901640993,77870
BTCUSDT,ETHUSDT,0.0,10.446484998627659,0.0,0.0032655998722139114,2.0,0.803539449653673,0.19646055034632698,77880
BTCUSDT,ETHUSDT,0.0,10.37134033239335,0.0,0.003305897262534926,2.0,0.7738586636431452,0.22614133635685485,77890
BTCUSDT,ETHUSDT,0.0,10.172108410195658,0.0,0.0035130373403289227,2.0,0.6948183583766708,0.3051816416233291,77900
BTCUSDT,ETHUSDT,0.0,10.593928352104697,0.0,0.0037534125693018576,2.0,0.8613779461055969,0.13862205389440305,77910
BTCUSDT,ETHUSDT,0.0,-10.494822251795703,0.0,0.003628387015955143,2.0,-0.8220847440072001,-0.17791525599279995,77920
BTCUSDT,ETHUSDT,0.0,0.0,0.0,0.0015489194656990919,1.0,-0.43464848308501686,0.5653515169149831,77940
BTCUSDT,ETHUSDT,1.0,0.0,0.0,0.000908433198167425,1.0,-0.4347451760015633,0.5652548239984366,78000
BTCUSDT,ETHUSDT,1.0,0.0,0.0,0.002533057081246087,1.0,-0.4347774023187099,0.56522259768129,78400
BTCUSDT,ETHUSDT,0.0,-0.7398032529743128,0.0,0.0010135199677135675,3.0,-0.47370735663991476,0.5262926433600853,78490
BTCUSDT,ETHUSDT,0.0,0.0,0.0,0.0013269912801432476,1.0,-0.4356976410620817,0.5643023589379182,78660
BTCUSDT,ETHUSDT,0.0,0.0,0.0,0.0011248172465734758,1.0,-0.435401818920814,0.564598181079186,78790
BTCUSDT,ETHUSDT,0.0,0.0,0.0,0.0010889846557738034,1.0,-0.4354413164954777,0.5645586835045223,78810
BTCUSDT,ETHUSDT,0.0,-9.68049013943704,-0.0001477895233918291,0.0017841994274807743,4.0,-0.531894290579631,-0.46810570942036894,79220
BTCUSDT,ETHUSDT,0.0,0.0,0.0,0.0010371190874861372,1.0,-0.43579497426835223,0.5642050257316478,79380
BTCUSDT,ETHUSDT,0.0,0.0,0.0,0.0007778479182567815,1.0,-0.4348548437693803,0.5651451562306198,80470
BTCUSDT,ETHUSDT,0.0,-2.1506669581356848,-2.5756475722075433e-05,0.000375322838952414,4.0,-0.5475599484995989,0.4524400515004012,80480
BTCUSDT,ETHUSDT,0.0,-2.1599146041117896,-2.6497986707144834e-05,0.0003727964486895949,4.0,-0.5480342119025957,0.45196578809740423,80490
BTCUSDT,ETHUSDT,0.0,5.75773190626513,-0.0002083691808635301,0.0015322108613738856,4.0,0.734995107501143,-0.2650048924988569,80850
BTCUSDT,ETHUSDT,0.0,-3.022292297851509,0.0,0.0011351024266173413,2.0,-0.5927260132403066,0.4072739867596934,80910
BTCUSDT,ETHUSDT,0.0,-3.2541489186079,0.0,0.0012200395893143324,2.0,-0.6048680913023021,0.395131908697698,80920
BTCUSDT,ETHUSDT,0.0,0.0,0.0,0.0011199173082439048,1.0,-0.4344135876617885,0.5655864123382115,80930
BTCUSDT,ETHUSDT,0.0,0.0,0.0,0.000882353690980168,1.0,-0.4344376827408756,0.5655623172591244,80940
BTCUSDT,ETHUSDT,0.0,-5.908475265646692,0.0,0.001051050068904357,3.0,-0.7447321070146515,0.2552678929853485,82000
BTCUSDT,ETHUSDT,0.0,-6.221114112391126,0.0,0.0010986990518146098,2.0,-0.7611225005274554,0.23887749947254458,82010
BTCUSDT,ETHUSDT,0.0,-6.510693515565512,0.0,0.0011465842913371063,2.0,-0.7763135291079808,0.22368647089201915,82020
BTCUSDT,ETHUSDT,1.0,0.0,0.0,0.0007639356222500849,1.0,-0.4346527238328843,0.5653472761671157,83280
BTCUSDT,ETHUSDT,0.0,0.0,0.0,0.0006055830606581351,1.0,-0.434627008333376,0.565372991666624,83510
BTCUSDT,ETHUSDT,0.0,9.10403788470007,0.0,0.002660351601943677,2.0,0.3111029045001188,0.6888970954998812,84020
BTCUSDT,ETHUSDT,0.0,0.8694916532855131,0.0,0.000536137770487857,3.0,-0.38859710693634686,0.6114028930636531,85070
BTCUSDT,ETHUSDT,0.0,-0.33249624415983753,-2.835571128253039e-05,0.00039549890484415245,5.0,-0.4514100180494263,0.5485899819505736,85080
BTCUSDT,ETHUSDT,0.0,1.3875045826421077,0.0,0.0005752828098813366,3.0,-0.36156037879832903,0.6384396212016711,85090
BTCUSDT,ETHUSDT,0.0,-1.500871931924946,0.0,0.0006126818579718155,2.0,0.3556460347497173,-0.6443539652502828,85100
BTCUSDT,ETHUSDT,0.0,0.0,0.0,0.000563693513480567,1.0,-0.43395051115857985,0.5660494888414201,85140
BTCUSDT,ETHUSDT,0.0,0.0,0.0,0.0005940951312418839,1.0,-0.43394691415331127,0.5660530858466888,85160
BTCUSDT,ETHUSDT,1.0,-8.861445008983637,0.0,0.0026840850184908557,3.0,-0.24370737677694218,-0.7562926232230578,85460
BTCUSDT,ETHUSDT,0.0,8.324386125065672,0.0,0.002015381465155151,3.0,0.03102331598013871,0.9689766840198614,85480
BTCUSDT,ETHUSDT,0.0,0.4434141754162336,-3.808719472211456e-05,0.0005976392441663936,4.0,-0.41032127873415924,0.5896787212658409,85490
BTCUSDT,ETHUSDT,0.0,-4.310166924506422,0.0,0.0007365120965611209,3.0,-0.6602341589799072,0.3397658410200927,85830
BTCUSDT,ETHUSDT,0.0,-5.760868529008371,0.0,0.001132373413783639,3.0,-0.736604496259158,0.263395503740842,86070
